Date,Tag,Species,Latitude,Longitude,Time,Tag.Date
7/3/2017,23,SMB,46.185555,-89.695646,Late-morning,23-07 03 2017
7/6/2017,23,SMB,46.182278,-89.693028,Late-morning,23-07 06 2017
7/13/2017,23,SMB,46.181778,-89.695639,Late-morning,23-07 013 2017
7/17/2017,23,SMB,46.183861,-89.69675,Late-morning,23-07 017 2017
7/20/2017,23,SMB,46.184361,-89.696333,last light - 9:00pm-10:00pm,23-07 020 2017
7/24/2017,23,SMB,46.18405,-89.696767,Late-morning,23-07 024 2017
7/28/2017,23,SMB,46.18313,-89.69733,947,23-07 028 2017
7/31/2017,23,SMB,46.18264,-89.69765,942,23-07 031 2017
8/3/2017,23,SMB,46.18302,-89.69752,10:15 pm - 11:45 pm,23-08 03 2017
8/3/2017,23,SMB,46.18435,-89.69653,1015,23-08 03 2017
8/8/2017,23,SMB,46.18296,-89.697777,1135,23-08 08 2017
8/11/2017,23,SMB,46.18291,-89.69769,1020,23-08 011 2017
8/14/2017,23,SMB,46.182958,-89.697894,mid-morning 800-1000,23-08 014 2017
8/17/2017,23,SMB,46.18296,-89.69777,1006,23-08 017 2017
8/21/2017,23,SMB,46.18367,-89.69678,AM,23-08 021 2017
8/25/2017,23,SMB,46.18223,-89.69759,AM,23-08 025 2017
8/29/2017,23,SMB,46.18316,-89.69731,2:14pm,23-08 029 2017
8/30/2017,23,SMB,46.18303,-89.69773,9:15-10:15pm,23-08 030 2017
9/1/2017,23,SMB,46.18324,-89.69698,1019,23-09 01 2017
9/5/2017,23,SMB,46.18292,-89.69765,1114,23-09 05 2017
9/8/2017,23,SMB,46.182883,-89.697783,1034,23-09 08 2017
9/12/2017,23,SMB,46.183367,-89.696783,1139,23-09 012 2017
9/14/2017,23,SMB,46.184035,-89.696388,1550,23-09 014 2017
9/25/2017,23,SMB,46.18408,-89.69675,1252,23-09 025 2017
9/28/2017,23,SMB,46.18247,-89.6976,1230-1430,23-09 028 2017
10/4/2017,23,SMB,46.18296,-89.69765,1406,23-010 04 2017
7/24/2017,93,SMB,46.180767,-89.68505,Late-morning,93-07 024 2017
7/28/2017,93,SMB,46.18217,-89.69114,926,93-07 028 2017
7/31/2017,93,SMB,46.18409,-89.69141,1024,93-07 031 2017
8/3/2017,93,SMB,46.18311,-89.6968,10:15 pm - 11:45 pm,93-08 03 2017
8/3/2017,93,SMB,46.18548,-89.69539,1000,93-08 03 2017
8/8/2017,93,SMB,46.18232,-89.69765,1139,93-08 08 2017
8/11/2017,93,SMB,46.18267,-89.69676,1028,93-08 011 2017
8/14/2017,93,SMB,46.185814,-89.693882,mid-morning 800-1000,93-08 014 2017
8/17/2017,93,SMB,46.18582,-89.69382,1015,93-08 017 2017
8/21/2017,93,SMB,46.18574,-89.69215,AM,93-08 021 2017
8/25/2017,93,SMB,46.1864,-89.69408,AM,93-08 025 2017
8/29/2017,93,SMB,46.18586,-89.69189,2:01pm,93-08 029 2017
8/30/2017,93,SMB,46.18277,-89.68874,9:15-10:15pm,93-08 030 2017
9/1/2017,93,SMB,46.18577,-89.69489,1123,93-09 01 2017
9/5/2017,93,SMB,46.1829,-89.69778,1118,93-09 05 2017
9/8/2017,93,SMB,46.18595,-89.69195,1053,93-09 08 2017
9/12/2017,93,SMB,46.18195,-89.690983,1049,93-09 012 2017
9/14/2017,93,SMB,46.182283,-89.697567,1544,93-09 014 2017
9/25/2017,93,SMB,46.1817,-89.69817,1241,93-09 025 2017
9/28/2017,93,SMB,46.18013,-89.69904,1230-1430,93-09 028 2017
10/4/2017,93,SMB,46.18302,-89.69767,1407,93-010 04 2017
7/24/2017,184,MUSKY,46.18205,-89.68485,Late-morning,184-07 024 2017
7/28/2017,184,MUSKY,46.18206,-89.68478,1018,184-07 028 2017
7/31/2017,184,MUSKY,46.18198,-89.68456,1045,184-07 031 2017
8/3/2017,184,MUSKY,46.1821,-89.68472,10:15 pm - 11:45 pm,184-08 03 2017
8/3/2017,184,MUSKY,46.18201,-89.68467,1133,184-08 03 2017
8/8/2017,184,MUSKY,46.1821,-89.68478,1036,184-08 08 2017
8/11/2017,184,MUSKY,46.181983,-89.6845,938,184-08 011 2017
8/14/2017,184,MUSKY,46.18199,-89.6845,mid-morning 800-1000,184-08 014 2017
8/17/2017,184,MUSKY,46.18201,-89.68448,905,184-08 017 2017
8/21/2017,184,MUSKY,46.18201,-89.68468,AM,184-08 021 2017
8/25/2017,184,MUSKY,46.18191,-89.68483,AM,184-08 025 2017
8/29/2017,184,MUSKY,46.18203,-89.68446,12:47pm,184-08 029 2017
8/30/2017,184,MUSKY,46.18199,-89.68445,9:15-10:15pm,184-08 030 2017
9/1/2017,184,MUSKY,46.18199,-89.68438,942,184-09 01 2017
9/5/2017,184,MUSKY,46.18195,-89.68437,1000,184-09 05 2017
9/8/2017,184,MUSKY,46.18201,-89.68443,928,184-09 08 2017
9/12/2017,184,MUSKY,46.18205,-89.684533,953,184-09 012 2017
9/14/2017,184,MUSKY,46.182135,-89.684608,1459,184-09 014 2017
9/25/2017,184,MUSKY,46.18199,-89.68456,1142,184-09 025 2017
9/28/2017,184,MUSKY,46.18201,-89.68443,1230-1430,184-09 028 2017
10/4/2017,184,MUSKY,46.182,-89.68441,1321,184-010 04 2017
7/24/2017,203,WAE,46.1809,-89.68525,Late-morning,203-07 024 2017
7/28/2017,203,WAE,46.18088,-89.68531,1021,203-07 028 2017
7/31/2017,203,WAE,46.18213,-89.69147,1017,203-07 031 2017
8/3/2017,203,WAE,46.18198,-89.69162,1044,203-08 03 2017
8/3/2017,203,WAE,46.18247,-89.6907,10:15 pm - 11:45 pm,203-08 03 2017
8/8/2017,203,WAE,46.18214,-89.69128,1100,203-08 08 2017
8/11/2017,203,WAE,46.18227,-89.69075,959,203-08 011 2017
8/14/2017,203,WAE,46.18224,-89.691215,mid-morning 800-1000,203-08 014 2017
8/17/2017,203,WAE,46.18173,-89.69147,944,203-08 017 2017
8/21/2017,203,WAE,46.18232,-89.69146,AM,203-08 021 2017
8/25/2017,203,WAE,46.18187,-89.69137,AM,203-08 025 2017
8/29/2017,203,WAE,46.18199,-89.69205,2:36pm,203-08 029 2017
8/30/2017,203,WAE,46.18232,-89.69044,9:15-10:15pm,203-08 030 2017
9/1/2017,203,WAE,46.18177,-89.69135,1049,203-09 01 2017
9/5/2017,203,WAE,46.18196,-89.69167,1133,203-09 05 2017
9/8/2017,203,WAE,46.18225,-89.691417,1013,203-09 08 2017
9/12/2017,203,WAE,46.181917,-89.691367,1043,203-09 012 2017
9/14/2017,203,WAE,46.1821,-89.6915,1523,203-09 014 2017
9/25/2017,203,WAE,46.18207,-89.69159,1217,203-09 025 2017
9/28/2017,203,WAE,46.18193,-89.69159,1230-1430,203-09 028 2017
10/4/2017,203,WAE,46.18201,-89.69106,1348,203-010 04 2017
7/3/2017,244,WAE,46.181944,-89.69111,Late-morning,244-07 03 2017
7/6/2017,244,WAE,46.182083,-89.691,Late-morning,244-07 06 2017
7/13/2017,244,WAE,46.181933,-89.6919,Late-morning,244-07 013 2017
7/17/2017,244,WAE,46.182139,-89.691306,Late-morning,244-07 017 2017
7/24/2017,244,WAE,46.181717,-89.691667,Late-morning,244-07 024 2017
7/28/2017,244,WAE,46.18211,-89.69132,917,244-07 028 2017
7/31/2017,244,WAE,46.18191,-89.69122,1001,244-07 031 2017
8/3/2017,244,WAE,46.18138,-89.69661,10:15 pm - 11:45 pm,244-08 03 2017
8/3/2017,244,WAE,46.18225,-89.69157,1046,244-08 03 2017
8/8/2017,244,WAE,46.18215,-89.69115,1103,244-08 08 2017
8/11/2017,244,WAE,46.18187,-89.6913,1001,244-08 011 2017
8/14/2017,244,WAE,46.18185,-89.69145,mid-morning 800-1000,244-08 014 2017
8/17/2017,244,WAE,46.18209,-89.69144,945,244-08 017 2017
8/21/2017,244,WAE,46.18217,-89.69111,AM,244-08 021 2017
8/25/2017,244,WAE,46.18218,-89.69167,AM,244-08 025 2017
8/29/2017,244,WAE,46.18206,-89.69105,1:25pm,244-08 029 2017
8/30/2017,244,WAE,46.18052,-89.69753,9:15-10:15pm,244-08 030 2017
9/1/2017,244,WAE,46.18242,-89.69151,1043,244-09 01 2017
9/5/2017,244,WAE,46.18232,-89.69166,1132,244-09 05 2017
9/8/2017,244,WAE,46.1826,-89.691433,1015,244-09 08 2017
9/12/2017,244,WAE,46.182017,-89.691483,1044,244-09 012 2017
9/14/2017,244,WAE,46.182083,-89.69135,1521,244-09 014 2017
9/25/2017,244,WAE,46.18192,-89.69142,1219,244-09 025 2017
9/28/2017,244,WAE,46.18189,-89.69148,1230-1430,244-09 028 2017
10/4/2017,244,WAE,46.18187,-89.69166,1338,244-010 04 2017
7/24/2017,264,WAE,46.181883,-89.691567,Late-morning,264-07 024 2017
7/28/2017,264,WAE,46.1815,-89.69257,933,264-07 028 2017
7/31/2017,264,WAE,46.18163,-89.69464,953,264-07 031 2017
8/3/2017,264,WAE,46.18164,-89.69442,1034,264-08 03 2017
8/3/2017,264,WAE,46.18166,-89.69359,10:15 pm - 11:45 pm,264-08 03 2017
8/8/2017,264,WAE,46.18153,-89.69366,1151,264-08 08 2017
8/11/2017,264,WAE,46.18165,-89.69397,1016,264-08 011 2017
8/14/2017,264,WAE,46.181511,-89.693613,mid-morning 800-1000,264-08 014 2017
8/17/2017,264,WAE,46.18156,-89.69378,955,264-08 017 2017
8/21/2017,264,WAE,46.18148,-89.69378,AM,264-08 021 2017
8/25/2017,264,WAE,46.18164,-89.69405,AM,264-08 025 2017
8/29/2017,264,WAE,46.18165,-89.69522,2:23pm,264-08 029 2017
8/30/2017,264,WAE,46.18161,-89.69366,9:15-10:15pm,264-08 030 2017
9/1/2017,264,WAE,46.18167,-89.69521,1035,264-09 01 2017
9/5/2017,264,WAE,46.18156,-89.6937,1107,264-09 05 2017
9/8/2017,264,WAE,46.181533,-89.693683,1025,264-09 08 2017
9/12/2017,264,WAE,46.181576,-89.693676,1112,264-09 012 2017
9/14/2017,264,WAE,46.181767,-89.69365,1532,264-09 014 2017
9/25/2017,264,WAE,46.1816,-89.69378,1233,264-09 025 2017
9/28/2017,264,WAE,46.18173,-89.69365,1230-1430,264-09 028 2017
10/4/2017,264,WAE,46.18163,-89.69354,1353,264-010 04 2017
7/24/2017,283,WAE,46.181217,-89.685267,Late-morning,283-07 024 2017
7/28/2017,283,WAE,46.18114,-89.68503,1020,283-07 028 2017
7/31/2017,283,WAE,46.18089,-89.68542,1041,283-07 031 2017
8/3/2017,283,WAE,46.18129,-89.68519,1117,283-08 03 2017
8/3/2017,283,WAE,46.18151,-89.68452,10:15 pm - 11:45 pm,283-08 03 2017
8/8/2017,283,WAE,46.18125,-89.68514,1041,283-08 08 2017
8/11/2017,283,WAE,46.18106,-89.6856,947,283-08 011 2017
8/14/2017,283,WAE,46.18098,-89.68581,mid-morning 800-1000,283-08 014 2017
8/17/2017,283,WAE,46.18108,-89.68557,914,283-08 017 2017
8/21/2017,283,WAE,46.18114,-89.68508,AM,283-08 021 2017
8/25/2017,283,WAE,46.1813,-89.68606,AM,283-08 025 2017
8/29/2017,283,WAE,46.18102,-89.68548,1:01pm,283-08 029 2017
8/30/2017,283,WAE,46.18179,-89.68436,9:15-10:15pm,283-08 030 2017
9/1/2017,283,WAE,46.18113,-89.68532,1104,283-09 01 2017
9/5/2017,283,WAE,46.18073,-89.68537,1008,283-09 05 2017
9/8/2017,283,WAE,46.1825,-89.69125,1016,283-09 08 2017
9/12/2017,283,WAE,46.181983,-89.691583,1045,283-09 012 2017
9/14/2017,283,WAE,46.181967,-89.690817,1518,283-09 014 2017
9/25/2017,283,WAE,46.18116,-89.68515,1153,283-09 025 2017
9/28/2017,283,WAE,46.18086,-89.68592,1230-1430,283-09 028 2017
10/4/2017,283,WAE,46.1804,-89.68566,1330,283-010 04 2017
7/3/2017,333,SMB,46.181611,-89.691806,Late-morning,333-07 03 2017
7/6/2017,333,SMB,46.182167,-89.6905,Late-morning,333-07 06 2017
7/13/2017,333,SMB,46.18315,-89.696989,Late-morning,333-07 013 2017
7/17/2017,333,SMB,46.183111,-89.697083,Late-morning,333-07 017 2017
7/20/2017,333,SMB,46.182639,-89.697556,last light - 9:00pm-10:00pm,333-07 020 2017
7/24/2017,333,SMB,46.182483,-89.697017,Late-morning,333-07 024 2017
7/28/2017,333,SMB,46.18117,-89.69891,944,333-07 028 2017
7/31/2017,333,SMB,46.18153,-89.69852,945,333-07 031 2017
8/3/2017,333,SMB,46.18219,-89.6981,10:15 pm - 11:45 pm,333-08 03 2017
8/3/2017,333,SMB,46.18243,-89.69753,1019,333-08 03 2017
8/8/2017,333,SMB,46.18081,-89.69836,1202,333-08 08 2017
8/11/2017,333,SMB,46.18133,-89.69871,1023,333-08 011 2017
8/14/2017,333,SMB,46.182988,-89.696295,mid-morning 800-1000,333-08 014 2017
8/17/2017,333,SMB,46.18158,-89.69855,1002,333-08 017 2017
8/21/2017,333,SMB,46.18272,-89.69727,AM,333-08 021 2017
8/25/2017,333,SMB,46.18254,-89.69759,AM,333-08 025 2017
8/29/2017,333,SMB,46.18105,-89.69901,2:19pm,333-08 029 2017
8/30/2017,333,SMB,46.18098,-89.69855,9:15-10:15pm,333-08 030 2017
9/1/2017,333,SMB,46.18134,-89.69865,1026,333-09 01 2017
9/5/2017,333,SMB,46.18169,-89.69832,1112,333-09 05 2017
9/8/2017,333,SMB,46.18285,-89.697567,1033,333-09 08 2017
9/12/2017,333,SMB,46.182567,-89.69765,1137,333-09 012 2017
9/14/2017,333,SMB,46.182533,-89.697517,1543,333-09 014 2017
9/25/2017,333,SMB,46.18215,-89.69779,1248,333-09 025 2017
9/28/2017,333,SMB,46.18137,-89.69871,1230-1430,333-09 028 2017
10/4/2017,333,SMB,46.18155,-89.69853,1404,333-010 04 2017
7/24/2017,343,SMB,46.18015,-89.686083,Late-morning,343-07 024 2017
7/28/2017,343,SMB,46.1802,-89.68597,904,343-07 028 2017
7/31/2017,343,SMB,46.18032,-89.68571,1037,343-07 031 2017
8/3/2017,343,SMB,46.18069,-89.68553,10:15 pm - 11:45 pm,343-08 03 2017
8/3/2017,343,SMB,46.18066,-89.68524,1111,343-08 03 2017
8/8/2017,343,SMB,46.181,-89.68519,1027,343-08 08 2017
8/11/2017,343,SMB,46.18068,-89.68543,950,343-08 011 2017
8/14/2017,343,SMB,46.18026,-89.68614,mid-morning 800-1000,343-08 014 2017
8/17/2017,343,SMB,46.18045,-89.68571,1028,343-08 017 2017
8/21/2017,343,SMB,46.18206,-89.69113,AM,343-08 021 2017
8/25/2017,343,SMB,46.18192,-89.69152,AM,343-08 025 2017
8/29/2017,343,SMB,46.18192,-89.69119,1:28pm,343-08 029 2017
8/30/2017,343,SMB,46.1824,-89.69069,9:15-10:15pm,343-08 030 2017
9/1/2017,343,SMB,46.18181,-89.69149,1049,343-09 01 2017
9/5/2017,343,SMB,46.18035,-89.68574,1015,343-09 05 2017
9/8/2017,343,SMB,46.180733,-89.68575,946,343-09 08 2017
9/12/2017,343,SMB,46.180733,-89.685467,1014,343-09 012 2017
9/14/2017,343,SMB,46.180883,-89.68525,1502,343-09 014 2017
9/25/2017,343,SMB,46.18018,-89.68615,1330,343-09 025 2017
9/28/2017,343,SMB,46.18057,-89.68549,1230-1430,343-09 028 2017
10/4/2017,343,SMB,46.1806,-89.6854,1324,343-010 04 2017
7/3/2017,353,MUSKY,46.181,-89.684694,Late-morning,353-07 03 2017
7/6/2017,353,MUSKY,46.180861,-89.685361,Late-morning,353-07 06 2017
7/13/2017,353,MUSKY,46.181017,-89.684833,Late-morning,353-07 013 2017
7/17/2017,353,MUSKY,46.181806,-89.684472,Late-morning,353-07 017 2017
7/20/2017,353,MUSKY,46.181111,-89.684917,last light - 9:00pm-10:00pm,353-07 020 2017
7/24/2017,353,MUSKY,46.180133,-89.686033,Late-morning,353-07 024 2017
7/28/2017,353,MUSKY,46.18095,-89.68473,901,353-07 028 2017
7/31/2017,353,MUSKY,46.1801,-89.68584,1039,353-07 031 2017
8/3/2017,353,MUSKY,46.18096,-89.68482,1013,353-08 03 2017
8/3/2017,353,MUSKY,46.18106,-89.68468,10:15 pm - 11:45 pm,353-08 03 2017
8/8/2017,353,MUSKY,46.18057,-89.68517,1018,353-08 08 2017
8/11/2017,353,MUSKY,46.18016,-89.68488,952,353-08 011 2017
8/14/2017,353,MUSKY,46.1809,-89.685,mid-morning 800-1000,353-08 014 2017
8/17/2017,353,MUSKY,46.18013,-89.68488,917,353-08 017 2017
8/21/2017,353,MUSKY,46.18025,-89.68513,AM,353-08 021 2017
8/25/2017,353,MUSKY,46.18077,-89.68514,AM,353-08 025 2017
8/29/2017,353,MUSKY,46.1814,-89.68424,1:07pm,353-08 029 2017
8/30/2017,353,MUSKY,46.18035,-89.68515,9:15-10:15pm,353-08 030 2017
9/1/2017,353,MUSKY,46.18022,-89.6851,1110,353-09 01 2017
9/5/2017,353,MUSKY,46.18094,-89.68671,1004,353-09 05 2017
9/8/2017,353,MUSKY,46.180083,-89.685067,935,353-09 08 2017
9/12/2017,353,MUSKY,46.181283,-89.684483,1008,353-09 012 2017
9/14/2017,353,MUSKY,46.180117,-89.685867,1506,353-09 014 2017
9/25/2017,353,MUSKY,46.18081,-89.68521,1156,353-09 025 2017
9/28/2017,353,MUSKY,46.18067,-89.68516,1230-1430,353-09 028 2017
10/4/2017,353,MUSKY,46.18235,-89.69267,1343,353-010 04 2017
7/3/2017,384,SMB,46.181833,-89.688556,Late-morning,384-07 03 2017
7/6/2017,384,SMB,46.182083,-89.686444,Late-morning,384-07 06 2017
7/13/2017,384,SMB,46.181856,-89.684342,Late-morning,384-07 013 2017
7/17/2017,384,SMB,46.180861,-89.685028,Late-morning,384-07 017 2017
7/20/2017,384,SMB,46.182389,-89.688694,last light - 9:00pm-10:00pm,384-07 020 2017
7/24/2017,384,SMB,46.182233,-89.689817,Late-morning,384-07 024 2017
7/28/2017,384,SMB,46.18243,-89.69245,922,384-07 028 2017
7/31/2017,384,SMB,46.18068,-89.68532,1033,384-07 031 2017
8/3/2017,384,SMB,46.18098,-89.68543,1116,384-08 03 2017
8/3/2017,384,SMB,46.18193,-89.68467,10:15 pm - 11:45 pm,384-08 03 2017
8/8/2017,384,SMB,46.18233,-89.69122,1105,384-08 08 2017
8/11/2017,384,SMB,46.18179,-89.68449,944,384-08 011 2017
8/14/2017,384,SMB,46.18219,-89.69159,mid-morning 800-1000,384-08 014 2017
8/17/2017,384,SMB,46.18176,-89.68487,1030,384-08 017 2017
8/21/2017,384,SMB,46.18218,-89.69098,AM,384-08 021 2017
8/25/2017,384,SMB,46.18275,-89.69132,AM,384-08 025 2017
8/29/2017,384,SMB,46.18247,-89.6916,1:32pm,384-08 029 2017
8/30/2017,384,SMB,46.18163,-89.68814,9:15-10:15pm,384-08 030 2017
9/1/2017,384,SMB,46.18217,-89.68511,945,384-09 01 2017
9/5/2017,384,SMB,46.18175,-89.68451,1024,384-09 05 2017
9/8/2017,384,SMB,46.18225,-89.691867,1009,384-09 08 2017
9/12/2017,384,SMB,46.18095,-89.6866,1005,384-09 012 2017
9/14/2017,384,SMB,46.180583,-89.685517,1510,384-09 014 2017
9/25/2017,384,SMB,46.18216,-89.69169,1223,384-09 025 2017
9/28/2017,384,SMB,46.18051,-89.68525,1230-1430,384-09 028 2017
10/4/2017,384,SMB,46.18217,-89.69092,1341,384-010 04 2017
7/3/2017,413,SMB,46.18075,-89.685666,Late-morning,413-07 03 2017
7/6/2017,413,SMB,46.181694,-89.684556,Late-morning,413-07 06 2017
7/13/2017,413,SMB,46.18614,-89.692013,Late-morning,413-07 013 2017
7/17/2017,413,SMB,46.185778,-89.692111,Late-morning,413-07 017 2017
7/20/2017,413,SMB,46.185778,-89.692111,last light - 9:00pm-10:00pm,413-07 020 2017
7/24/2017,413,SMB,46.185783,-89.6921,Late-morning,413-07 024 2017
7/28/2017,413,SMB,46.1857,-89.69223,1000,413-07 028 2017
7/31/2017,413,SMB,46.18573,-89.69216,930,413-07 031 2017
8/3/2017,413,SMB,46.18571,-89.69213,10:15 pm - 11:45 pm,413-08 03 2017
8/3/2017,413,SMB,46.18578,-89.69199,953,413-08 03 2017
8/8/2017,413,SMB,46.18578,-89.69216,1127,413-08 08 2017
8/11/2017,413,SMB,46.18574,-89.69209,1031,413-08 011 2017
8/14/2017,413,SMB,46.18574,-89.69209,mid-morning 800-1000,413-08 014 2017
8/17/2017,413,SMB,46.18573,-89.69209,1020,413-08 017 2017
8/21/2017,413,SMB,46.18574,-89.6923,AM,413-08 021 2017
8/25/2017,413,SMB,46.18575,-89.6922,AM,413-08 025 2017
8/29/2017,413,SMB,46.18572,-89.69211,1:51pm,413-08 029 2017
8/30/2017,413,SMB,46.18563,-89.69212,9:15-10:15pm,413-08 030 2017
9/1/2017,413,SMB,46.18569,-89.69218,1003,413-09 01 2017
9/5/2017,413,SMB,46.18575,-89.69207,1040,413-09 05 2017
9/8/2017,413,SMB,46.185667,-89.692167,1054,413-09 08 2017
9/14/2017,413,SMB,46.18575,-89.692033,1559,413-09 014 2017
9/25/2017,413,SMB,46.18571,-89.69211,1301,413-09 025 2017
9/28/2017,413,SMB,46.18572,-89.69208,1230-1430,413-09 028 2017
10/4/2017,413,SMB,46.18576,-89.69204,1416,413-010 04 2017
7/3/2017,423,MUSKY,46.181579,-89.691235,Late-morning,423-07 03 2017
7/6/2017,423,MUSKY,46.182,-89.692083,Late-morning,423-07 06 2017
7/13/2017,423,MUSKY,46.182567,-89.692083,Late-morning,423-07 013 2017
7/17/2017,423,MUSKY,46.182111,-89.690917,Late-morning,423-07 017 2017
7/20/2017,423,MUSKY,46.182361,-89.691528,last light - 9:00pm-10:00pm,423-07 020 2017
7/24/2017,423,MUSKY,46.182267,-89.6906,Late-morning,423-07 024 2017
7/28/2017,423,MUSKY,46.18233,-89.69143,927,423-07 028 2017
7/31/2017,423,MUSKY,46.18225,-89.69087,1007,423-07 031 2017
8/3/2017,423,MUSKY,46.18249,-89.69054,10:15 pm - 11:45 pm,423-08 03 2017
8/3/2017,423,MUSKY,46.18229,-89.69008,1053,423-08 03 2017
8/8/2017,423,MUSKY,46.18212,-89.69093,1108,423-08 08 2017
8/11/2017,423,MUSKY,46.18222,-89.69167,1007,423-08 011 2017
8/14/2017,423,MUSKY,46.18261,-89.69067,mid-morning 800-1000,423-08 014 2017
8/17/2017,423,MUSKY,46.18246,-89.69193,939,423-08 017 2017
8/21/2017,423,MUSKY,46.18199,-89.6917,AM,423-08 021 2017
8/25/2017,423,MUSKY,46.18208,-89.69175,AM,423-08 025 2017
8/29/2017,423,MUSKY,46.18273,-89.69169,1:23pm,423-08 029 2017
8/30/2017,423,MUSKY,46.18247,-89.69096,9:15-10:15pm,423-08 030 2017
9/1/2017,423,MUSKY,46.18247,-89.69195,1045,423-09 01 2017
9/5/2017,423,MUSKY,46.18236,-89.69106,1135,423-09 05 2017
9/8/2017,423,MUSKY,46.182733,-89.691983,1019,423-09 08 2017
9/12/2017,423,MUSKY,46.182833,-89.6916,1052,423-09 012 2017
9/14/2017,423,MUSKY,46.1826,-89.691567,1528,423-09 014 2017
9/25/2017,423,MUSKY,46.18199,-89.691,1220,423-09 025 2017
9/28/2017,423,MUSKY,46.18217,-89.69103,1230-1430,423-09 028 2017
10/4/2017,423,MUSKY,46.18193,-89.69067,1337,423-010 04 2017
7/3/2017,433,SMB,46.181666,-89.684389,Late-morning,433-07 03 2017
7/6/2017,433,SMB,46.180167,-89.686167,Late-morning,433-07 06 2017
7/13/2017,433,SMB,46.1802,-89.686083,Late-morning,433-07 013 2017
7/17/2017,433,SMB,46.182167,-89.689694,Late-morning,433-07 017 2017
7/20/2017,433,SMB,46.18275,-89.689694,last light - 9:00pm-10:00pm,433-07 020 2017
7/24/2017,433,SMB,46.182167,-89.690483,Late-morning,433-07 024 2017
7/28/2017,433,SMB,46.18227,-89.6902,929,433-07 028 2017
7/31/2017,433,SMB,46.1819,-89.68889,1010,433-07 031 2017
8/3/2017,433,SMB,46.18208,-89.68866,10:15 pm - 11:45 pm,433-08 03 2017
8/3/2017,433,SMB,46.18111,-89.68556,1131,433-08 03 2017
8/8/2017,433,SMB,46.18107,-89.68555,1022,433-08 08 2017
8/11/2017,433,SMB,46.18088,-89.68542,948,433-08 011 2017
8/14/2017,433,SMB,46.18107,-89.68552,mid-morning 800-1000,433-08 014 2017
8/17/2017,433,SMB,46.18105,-89.68555,925,433-08 017 2017
8/21/2017,433,SMB,46.18094,-89.68582,AM,433-08 021 2017
8/25/2017,433,SMB,46.18073,-89.68562,AM,433-08 025 2017
8/29/2017,433,SMB,46.18098,-89.68547,1:02pm,433-08 029 2017
8/30/2017,433,SMB,46.18093,-89.6854,9:15-10:15pm,433-08 030 2017
9/1/2017,433,SMB,46.18097,-89.68557,1106,433-09 01 2017
9/5/2017,433,SMB,46.18097,-89.68559,1006,433-09 05 2017
9/8/2017,433,SMB,46.180917,-89.685933,944,433-09 08 2017
9/12/2017,433,SMB,46.181067,-89.685567,1011,433-09 012 2017
9/14/2017,433,SMB,46.181,-89.685383,1503,433-09 014 2017
9/25/2017,433,SMB,46.18105,-89.68557,1150,433-09 025 2017
9/28/2017,433,SMB,46.18098,-89.68546,1230-1430,433-09 028 2017
10/4/2017,433,SMB,46.18048,-89.68564,1325,433-010 04 2017
7/3/2017,441,WAE,46.180861,-89.686278,Late-morning,441-07 03 2017
7/6/2017,441,WAE,46.181917,-89.691417,Late-morning,441-07 06 2017
7/13/2017,441,WAE,46.181667,-89.6912,Late-morning,441-07 013 2017
7/17/2017,441,WAE,46.181944,-89.691361,Late-morning,441-07 017 2017
7/24/2017,441,WAE,46.18185,-89.69115,Late-morning,441-07 024 2017
7/28/2017,441,WAE,46.18183,-89.69141,919,441-07 028 2017
7/31/2017,441,WAE,46.18191,-89.69119,1004,441-07 031 2017
8/3/2017,441,WAE,46.18206,-89.69169,1050,441-08 03 2017
8/3/2017,441,WAE,46.18189,-89.69141,10:15 pm - 11:45 pm,441-08 03 2017
8/8/2017,441,WAE,46.18186,-89.69125,1110,441-08 08 2017
8/11/2017,441,WAE,46.18193,-89.69136,1010,441-08 011 2017
8/14/2017,441,WAE,46.18216,-89.69061,mid-morning 800-1000,441-08 014 2017
8/17/2017,441,WAE,46.18185,-89.69129,941,441-08 017 2017
8/21/2017,441,WAE,46.18182,-89.69099,AM,441-08 021 2017
8/25/2017,441,WAE,46.18199,-89.69069,AM,441-08 025 2017
8/29/2017,441,WAE,46.1818,-89.69141,1:30pm,441-08 029 2017
8/30/2017,441,WAE,46.182,-89.69145,9:15-10:15pm,441-08 030 2017
9/1/2017,441,WAE,46.18188,-89.69131,1055,441-09 01 2017
9/5/2017,441,WAE,46.18195,-89.69122,1144,441-09 05 2017
9/8/2017,441,WAE,46.181567,-89.6912,1011,441-09 08 2017
9/12/2017,441,WAE,46.18205,-89.6914,1048,441-09 012 2017
9/14/2017,441,WAE,46.1819,-89.691233,1519,441-09 014 2017
9/25/2017,441,WAE,46.18185,-89.69109,1224,441-09 025 2017
9/28/2017,441,WAE,46.18199,-89.69141,1230-1430,441-09 028 2017
10/4/2017,441,WAE,46.18185,-89.69101,1337,441-010 04 2017
7/3/2017,453,WAE,46.182453,-89.693694,Late-morning,453-07 03 2017
7/6/2017,453,WAE,46.181972,-89.691111,Late-morning,453-07 06 2017
7/13/2017,453,WAE,46.182183,-89.689633,Late-morning,453-07 013 2017
7/17/2017,453,WAE,46.183528,-89.690722,Late-morning,453-07 017 2017
7/24/2017,453,WAE,46.183367,-89.690417,Late-morning,453-07 024 2017
7/28/2017,453,WAE,46.18347,-89.6905,914,453-07 028 2017
7/31/2017,453,WAE,46.18335,-89.69037,925,453-07 031 2017
8/3/2017,453,WAE,46.18351,-89.69064,939,453-08 03 2017
8/3/2017,453,WAE,46.18351,-89.69037,10:15 pm - 11:45 pm,453-08 03 2017
8/8/2017,453,WAE,46.18353,-89.69062,1123,453-08 08 2017
8/11/2017,453,WAE,46.18337,-89.69042,957,453-08 011 2017
8/14/2017,453,WAE,46.18348,-89.69044,mid-morning 800-1000,453-08 014 2017
8/17/2017,453,WAE,46.18352,-89.69055,936,453-08 017 2017
8/21/2017,453,WAE,46.18351,-89.69059,AM,453-08 021 2017
8/25/2017,453,WAE,46.18347,-89.69057,AM,453-08 025 2017
8/29/2017,453,WAE,46.18268,-89.69024,1:20pm,453-08 029 2017
8/30/2017,453,WAE,46.1837,-89.69086,9:15-10:15pm,453-08 030 2017
9/1/2017,453,WAE,46.18345,-89.69042,954,453-09 01 2017
9/5/2017,453,WAE,46.18344,-89.69048,1037,453-09 05 2017
9/8/2017,453,WAE,46.183533,-89.690517,1002,453-09 08 2017
9/12/2017,453,WAE,46.183583,-89.69065,1037,453-09 012 2017
9/14/2017,453,WAE,46.184033,-89.691117,1601,453-09 014 2017
9/25/2017,453,WAE,46.18336,-89.6903,1214,453-09 025 2017
9/28/2017,453,WAE,46.18336,-89.69039,1230-1430,453-09 028 2017
10/4/2017,453,WAE,46.18336,-89.69028,1419,453-010 04 2017
7/3/2017,462,WAE,46.181222,-89.685777,Late-morning,462-07 03 2017
7/6/2017,462,WAE,46.18225,-89.69,Late-morning,462-07 06 2017
7/13/2017,462,WAE,46.18225,-89.690983,Late-morning,462-07 013 2017
7/17/2017,462,WAE,46.181944,-89.691361,Late-morning,462-07 017 2017
7/20/2017,462,WAE,46.182639,-89.693083,last light - 9:00pm-10:00pm,462-07 020 2017
7/24/2017,462,WAE,46.18215,-89.69225,Late-morning,462-07 024 2017
7/28/2017,462,WAE,46.18226,-89.69246,920,462-07 028 2017
7/31/2017,462,WAE,46.18231,-89.69341,956,462-07 031 2017
8/3/2017,462,WAE,46.18262,-89.69315,1037,462-08 03 2017
8/3/2017,462,WAE,46.1822,-89.69252,10:15 pm - 11:45 pm,462-08 03 2017
8/8/2017,462,WAE,46.18221,-89.69258,1114,462-08 08 2017
8/11/2017,462,WAE,46.18216,-89.69233,1033,462-08 011 2017
8/14/2017,462,WAE,46.182299,-89.692819,mid-morning 800-1000,462-08 014 2017
8/17/2017,462,WAE,46.18232,-89.69275,951,462-08 017 2017
8/21/2017,462,WAE,46.18258,-89.693,AM,462-08 021 2017
8/25/2017,462,WAE,46.18187,-89.69125,AM,462-08 025 2017
8/29/2017,462,WAE,46.182391,-89.693048,1:36pm,462-08 029 2017
8/30/2017,462,WAE,46.18237,-89.6928,9:15-10:15pm,462-08 030 2017
9/1/2017,462,WAE,46.1823,-89.69326,1037,462-09 01 2017
9/5/2017,462,WAE,46.18252,-89.69313,1124,462-09 05 2017
9/8/2017,462,WAE,46.182633,-89.693317,1022,462-09 08 2017
9/12/2017,462,WAE,46.182633,-89.692783,1054,462-09 012 2017
9/14/2017,462,WAE,46.182533,-89.69255,1530,462-09 014 2017
9/25/2017,462,WAE,46.18256,-89.69276,1230,462-09 025 2017
9/28/2017,462,WAE,46.18239,-89.69244,1230-1430,462-09 028 2017
10/4/2017,462,WAE,46.18226,-89.69241,1350,462-010 04 2017
