"date","replicate","treatment","original_count","burrow_count","burrow_count_comp","original_diameter","mean_burrow_diameter","mean_burrow_diameter_comp","set","mean_air_temp","mean_baro","mean_wind_speed","mean_wind_vec","mean_PAR","mean_humidity","site","ztemp.1","ztemp.2","ztemp.3","all","bc_pred","bd_pred"
"10/17/2022","1","aControl", 5,10,  5,18.44800,18.530000,  0.08200000,"south",22.7656,1012.17,3.8094,228.1729,286.521,80.0031,"1", 0.05320242, 0.94585813, 1.68666067,1,  0.52199588,  5.87490494
"10/17/2022","1","Compact", 8, 6, -2,20.28000,18.595000, -1.68500000,"south",22.7656,1012.17,3.8094,228.1729,286.521,80.0031,"2", 0.05320242, 0.94585813, 1.68666067,1, -2.04504063,  0.71840989
"10/17/2022","1","Rake", 7, 8,  1,22.43571,20.905000, -1.53071429,"south",22.7656,1012.17,3.8094,228.1729,286.521,80.0031,"3", 0.05320242, 0.94585813, 1.68666067,1, -1.68642626,  4.03890413
"10/17/2022","1","Marine Debris", 4, 9,  5,15.32250,12.608889, -2.71361111,"south",22.7656,1012.17,3.8094,228.1729,286.521,80.0031,"4", 0.05320242, 0.94585813, 1.68666067,1,  1.18710063,  5.49492748
"10/17/2022","2","aControl", 9,11,  2,26.76444,18.371818, -8.39262626,"south",22.7656,1012.17,3.8094,228.1729,286.521,80.0031,"5", 0.05320242, 0.94585813, 1.68666067,1, -0.60929156,  2.60638811
"10/17/2022","2","Compact", 8,10,  2,27.31250,22.120000, -5.19250000,"south",22.7656,1012.17,3.8094,228.1729,286.521,80.0031,"6", 0.05320242, 0.94585813, 1.68666067,1, -1.05201530, -2.55010693
"10/17/2022","2","Rake", 6, 7,  1,25.11833,25.205714,  0.08738096,"south",22.7656,1012.17,3.8094,228.1729,286.521,80.0031,"7", 0.05320242, 0.94585813, 1.68666067,1, -0.90461659,  0.77038731
"10/17/2022","2","Marine Debris", 5, 6,  1,15.27200,13.780000, -1.49200000,"south",22.7656,1012.17,3.8094,228.1729,286.521,80.0031,"8", 0.05320242, 0.94585813, 1.68666067,1,  0.49821442,  2.22641065
"10/17/2022","3","aControl", 7, 7,  0,19.52714,18.784286, -0.74285715,"south",22.7656,1012.17,3.8094,228.1729,286.521,80.0031,"9", 0.05320242, 0.94585813, 1.68666067,1, -0.24428564,  8.51261396
"10/17/2022","3","Compact", 7, 7,  0,16.50286,19.121429,  2.61857143,"south",22.7656,1012.17,3.8094,228.1729,286.521,80.0031,"10", 0.05320242, 0.94585813, 1.68666067,1, -0.74828216,  3.35611891
"10/17/2022","3","Rake",14, 8, -6,17.13714,23.428750,  6.29160714,"south",22.7656,1012.17,3.8094,228.1729,286.521,80.0031,"11", 0.05320242, 0.94585813, 1.68666067,1, -8.07407745,  6.67661316
"10/17/2022","3","Marine Debris",12, 9, -3,15.44500,16.483333,  1.03833333,"south",22.7656,1012.17,3.8094,228.1729,286.521,80.0031,"12", 0.05320242, 0.94585813, 1.68666067,1, -2.88976767,  8.13263650
"10/17/2022","4","aControl", 9, 6, -3,23.84222,21.923333, -1.91888889,"south",22.7656,1012.17,3.8094,228.1729,286.521,80.0031,"13", 0.05320242, 0.94585813, 1.68666067,1, -3.59438342,  4.56582077
"10/17/2022","4","Compact",17, 6,-11,19.67176,28.253333,  8.58156862,"south",22.7656,1012.17,3.8094,228.1729,286.521,80.0031,"14", 0.05320242, 0.94585813, 1.68666067,1,-10.36986416, -0.59067427
"10/17/2022","4","Rake", 6, 7,  1,17.78000,30.642857, 12.86285714,"south",22.7656,1012.17,3.8094,228.1729,286.521,80.0031,"15", 0.05320242, 0.94585813, 1.68666067,1, -0.47176525,  2.72981997
"10/17/2022","4","Marine Debris", 6, 5, -1,23.87500,19.886000, -3.98900000,"south",22.7656,1012.17,3.8094,228.1729,286.521,80.0031,"16", 0.05320242, 0.94585813, 1.68666067,1,  0.69606389,  4.18584331
"10/17/2022","5","aControl", 9, 6, -3,16.24333,18.401667,  2.15833334,"south",22.7656,1012.17,3.8094,228.1729,286.521,80.0031,"17", 0.05320242, 0.94585813, 1.68666067,1, -3.44044016,  4.08169415
"10/17/2022","5","Compact", 5, 2, -3,15.73800, 8.725000, -7.01300000,"south",22.7656,1012.17,3.8094,228.1729,286.521,80.0031,"18", 0.05320242, 0.94585813, 1.68666067,1, -1.66584021, -1.07480090
"10/17/2022","5","Rake", 6, 4, -2,11.61667,17.470000,  5.85333333,"south",22.7656,1012.17,3.8094,228.1729,286.521,80.0031,"19", 0.05320242, 0.94585813, 1.68666067,1, -2.05808626,  2.24569334
"10/17/2022","5","Marine Debris", 4, 9,  5,24.31000,18.400000, -5.91000000,"south",22.7656,1012.17,3.8094,228.1729,286.521,80.0031,"20", 0.05320242, 0.94585813, 1.68666067,1,  1.38256797,  3.70171669
"10/17/2022","6","aControl",10,10,  0,29.37400,37.954400,  8.58040000,"north",22.7656,1012.17,3.8094,228.1729,286.521,80.0031,"21", 0.05320242, 0.94585813, 1.68666067,1, -2.23123446,  5.78409883
"10/17/2022","6","Compact", 8, 5, -3,26.05875,26.016000, -0.04275000,"north",22.7656,1012.17,3.8094,228.1729,286.521,80.0031,"22", 0.05320242, 0.94585813, 1.68666067,1, -2.81209265,  0.62760379
"10/17/2022","6","Rake", 8, 7, -1,24.40500,27.127143,  2.72214286,"north",22.7656,1012.17,3.8094,228.1729,286.521,80.0031,"23", 0.05320242, 0.94585813, 1.68666067,1, -1.58559056,  3.94809803
"10/17/2022","6","Marine Debris", 8, 7, -1,24.21375,28.095714,  3.88196429,"north",22.7656,1012.17,3.8094,228.1729,286.521,80.0031,"24", 0.05320242, 0.94585813, 1.68666067,1,  0.12159251,  5.40412137
"10/17/2022","7","aControl",10, 9, -1,22.16300,27.185556,  5.02255556,"north",22.7656,1012.17,3.8094,228.1729,286.521,80.0031,"25", 0.05320242, 0.94585813, 1.68666067,1, -2.84162923,  5.43143744
"10/17/2022","7","Compact", 7, 3, -4,27.66714,28.730000,  1.06285714,"north",22.7656,1012.17,3.8094,228.1729,286.521,80.0031,"26", 0.05320242, 0.94585813, 1.68666067,1, -2.39812408,  0.27494239
"10/17/2022","7","Rake",15,14, -1,33.53267,36.125714,  2.59304762,"north",22.7656,1012.17,3.8094,228.1729,286.521,80.0031,"27", 0.05320242, 0.94585813, 1.68666067,1, -6.77642989,  3.59543664
"10/17/2022","7","Marine Debris",10, 8, -2,19.36700,29.202500,  9.83550000,"north",22.7656,1012.17,3.8094,228.1729,286.521,80.0031,"28", 0.05320242, 0.94585813, 1.68666067,1, -2.30764161,  5.05145998
"10/17/2022","8","aControl", 7, 7,  0,34.77714,33.207143, -1.57000000,"north",22.7656,1012.17,3.8094,228.1729,286.521,80.0031,"29", 0.05320242, 0.94585813, 1.68666067,1, -0.73598275,  4.26439199
"10/17/2022","8","Compact", 5, 1, -4,33.53000,31.700000, -1.83000000,"north",22.7656,1012.17,3.8094,228.1729,286.521,80.0031,"30", 0.05320242, 0.94585813, 1.68666067,1, -0.25633045, -0.89210305
"10/17/2022","8","Rake", 5, 6,  1,23.15600,31.605000,  8.44900000,"north",22.7656,1012.17,3.8094,228.1729,286.521,80.0031,"31", 0.05320242, 0.94585813, 1.68666067,1, -0.36511148,  2.42839119
"10/17/2022","8","Marine Debris", 4, 8,  4,22.29000,27.010000,  4.72000000,"north",22.7656,1012.17,3.8094,228.1729,286.521,80.0031,"32", 0.05320242, 0.94585813, 1.68666067,1,  1.88234648,  3.88441453
"10/17/2022","9","aControl", 7, 3, -4,14.70286,28.533333, 13.83047619,"north",22.7656,1012.17,3.8094,228.1729,286.521,80.0031,"33", 0.05320242, 0.94585813, 1.68666067,1, -1.70012553,  5.64316904
"10/17/2022","9","Compact", 4, 4,  0,34.63250,28.390000, -6.24250000,"north",22.7656,1012.17,3.8094,228.1729,286.521,80.0031,"34", 0.05320242, 0.94585813, 1.68666067,1,  0.37105816,  0.48667400
"10/17/2022","9","Rake", 8, 6, -2,20.37375,23.816667,  3.44291667,"north",22.7656,1012.17,3.8094,228.1729,286.521,80.0031,"35", 0.05320242, 0.94585813, 1.68666067,1, -0.34483092,  3.80716824
"10/17/2022","9","Marine Debris", 9, 8, -1,25.81889,21.595000, -4.22388889,"north",22.7656,1012.17,3.8094,228.1729,286.521,80.0031,"36", 0.05320242, 0.94585813, 1.68666067,1,  0.63314112,  5.26319158
"10/17/2022","10","aControl",14, 5, -9,19.54214,30.132000, 10.58985714,"north",22.7656,1012.17,3.8094,228.1729,286.521,80.0031,"37", 0.05320242, 0.94585813, 1.68666067,1, -8.31510042,  4.94389175
"10/17/2022","10","Compact", 6, 0, -6,18.13667, 0.000000,-18.13666667,"north",22.7656,1012.17,3.8094,228.1729,286.521,80.0031,"38", 0.05320242, 0.94585813, 1.68666067,1, -2.81394581, -0.21260329
"10/17/2022","10","Rake",11, 3, -8,19.40818,26.830000,  7.42181818,"north",22.7656,1012.17,3.8094,228.1729,286.521,80.0031,"39", 0.05320242, 0.94585813, 1.68666067,1, -6.92354261,  3.10789095
"10/17/2022","10","Marine Debris", 5, 8,  3,23.44400,23.116250, -0.32775000,"north",22.7656,1012.17,3.8094,228.1729,286.521,80.0031,"40", 0.05320242, 0.94585813, 1.68666067,1,  2.00590499,  4.56391430
"10/18/2022","1","aControl", 5, 2, -3,18.44800,22.730000,  4.28200000,"south",19.5636,1008.83,4.7154,299.1531,392.375,61.0813,"1",-0.03883207,-1.19068264,-2.40356101,1, -0.80139750,  3.31333514
"10/18/2022","1","Compact", 8, 3, -5,20.28000,28.393333,  8.11333333,"south",19.5636,1008.83,4.7154,299.1531,392.375,61.0813,"2",-0.03883207,-1.19068264,-2.40356101,1, -3.36843401, -1.84315991
"10/18/2022","1","Rake", 7, 2, -5,22.43571,31.320000,  8.88428571,"south",19.5636,1008.83,4.7154,299.1531,392.375,61.0813,"3",-0.03883207,-1.19068264,-2.40356101,1, -3.00981964,  1.47733434
"10/18/2022","1","Marine Debris", 4, 2, -2,15.32250,20.125000,  4.80250000,"south",19.5636,1008.83,4.7154,299.1531,392.375,61.0813,"4",-0.03883207,-1.19068264,-2.40356101,1, -0.13629275,  2.93335768
"10/18/2022","2","aControl", 9, 6, -3,26.76444,19.465000, -7.29944444,"south",19.5636,1008.83,4.7154,299.1531,392.375,61.0813,"5",-0.03883207,-1.19068264,-2.40356101,1, -1.93268494,  0.04481831
"10/18/2022","2","Compact", 8, 4, -4,27.31250,31.067500,  3.75500000,"south",19.5636,1008.83,4.7154,299.1531,392.375,61.0813,"6",-0.03883207,-1.19068264,-2.40356101,1, -2.37540868, -5.11167673
"10/18/2022","2","Rake", 6, 2, -4,25.11833,20.060000, -5.05833333,"south",19.5636,1008.83,4.7154,299.1531,392.375,61.0813,"7",-0.03883207,-1.19068264,-2.40356101,1, -2.22800997, -1.79118249
"10/18/2022","2","Marine Debris", 5, 4, -1,15.27200,20.842500,  5.57050000,"south",19.5636,1008.83,4.7154,299.1531,392.375,61.0813,"8",-0.03883207,-1.19068264,-2.40356101,1, -0.82517896, -0.33515915
"10/18/2022","3","aControl", 7, 5, -2,19.52714,24.360000,  4.83285714,"south",19.5636,1008.83,4.7154,299.1531,392.375,61.0813,"9",-0.03883207,-1.19068264,-2.40356101,1, -1.56767902,  5.95104416
"10/18/2022","3","Compact", 7, 6, -1,16.50286,14.860000, -1.64285714,"south",19.5636,1008.83,4.7154,299.1531,392.375,61.0813,"10",-0.03883207,-1.19068264,-2.40356101,1, -2.07167554,  0.79454912
"10/18/2022","3","Rake",14, 4,-10,17.13714,28.402500, 11.26535714,"south",19.5636,1008.83,4.7154,299.1531,392.375,61.0813,"11",-0.03883207,-1.19068264,-2.40356101,1, -9.39747083,  4.11504336
"10/18/2022","3","Marine Debris",12, 8, -4,15.44500,28.601250, 13.15625000,"south",19.5636,1008.83,4.7154,299.1531,392.375,61.0813,"12",-0.03883207,-1.19068264,-2.40356101,1, -4.21316105,  5.57106670
"10/18/2022","4","aControl", 9, 3, -6,23.84222,12.136667,-11.70555555,"south",19.5636,1008.83,4.7154,299.1531,392.375,61.0813,"13",-0.03883207,-1.19068264,-2.40356101,1, -4.91777680,  2.00425097
"10/18/2022","4","Compact",17, 5,-12,19.67176,32.470000, 12.79823529,"south",19.5636,1008.83,4.7154,299.1531,392.375,61.0813,"14",-0.03883207,-1.19068264,-2.40356101,1,-11.69325754, -3.15224407
"10/18/2022","4","Rake", 6, 5, -1,17.78000,17.972000,  0.19200000,"south",19.5636,1008.83,4.7154,299.1531,392.375,61.0813,"15",-0.03883207,-1.19068264,-2.40356101,1, -1.79515863,  0.16825017
"10/18/2022","4","Marine Debris", 6, 5, -1,23.87500,20.430000, -3.44500000,"south",19.5636,1008.83,4.7154,299.1531,392.375,61.0813,"16",-0.03883207,-1.19068264,-2.40356101,1, -0.62732949,  1.62427351
"10/18/2022","5","aControl", 9, 3, -6,16.24333,20.920000,  4.67666667,"south",19.5636,1008.83,4.7154,299.1531,392.375,61.0813,"17",-0.03883207,-1.19068264,-2.40356101,1, -4.76383354,  1.52012435
"10/18/2022","5","Compact", 5, 0, -5,15.73800, 0.000000,-15.73800000,"south",19.5636,1008.83,4.7154,299.1531,392.375,61.0813,"18",-0.03883207,-1.19068264,-2.40356101,1, -2.98923359, -3.63637070
"10/18/2022","5","Rake", 6, 0, -6,11.61667, 0.000000,-11.61666667,"south",19.5636,1008.83,4.7154,299.1531,392.375,61.0813,"19",-0.03883207,-1.19068264,-2.40356101,1, -3.38147964, -0.31587645
"10/18/2022","5","Marine Debris", 4, 2, -2,24.31000,23.995000, -0.31500000,"south",19.5636,1008.83,4.7154,299.1531,392.375,61.0813,"20",-0.03883207,-1.19068264,-2.40356101,1,  0.05917459,  1.14014689
"10/18/2022","6","aControl",10, 5, -5,29.37400,36.674000,  7.30000000,"north",19.5636,1008.83,4.7154,299.1531,392.375,61.0813,"21",-0.03883207,-1.19068264,-2.40356101,1, -3.55462784,  3.22252903
"10/18/2022","6","Compact", 8, 4, -4,26.05875,38.220000, 12.16125000,"north",19.5636,1008.83,4.7154,299.1531,392.375,61.0813,"22",-0.03883207,-1.19068264,-2.40356101,1, -4.13548603, -1.93396601
"10/18/2022","6","Rake", 8, 3, -5,24.40500,40.336667, 15.93166667,"north",19.5636,1008.83,4.7154,299.1531,392.375,61.0813,"23",-0.03883207,-1.19068264,-2.40356101,1, -2.90898394,  1.38652823
"10/18/2022","6","Marine Debris", 8, 7, -1,24.21375,26.535714,  2.32196429,"north",19.5636,1008.83,4.7154,299.1531,392.375,61.0813,"24",-0.03883207,-1.19068264,-2.40356101,1, -1.20180087,  2.84255157
"10/18/2022","7","aControl",10, 3, -7,22.16300,29.153333,  6.99033333,"north",19.5636,1008.83,4.7154,299.1531,392.375,61.0813,"25",-0.03883207,-1.19068264,-2.40356101,1, -4.16502261,  2.86986764
"10/18/2022","7","Compact", 7, 4, -3,27.66714,24.250000, -3.41714286,"north",19.5636,1008.83,4.7154,299.1531,392.375,61.0813,"26",-0.03883207,-1.19068264,-2.40356101,1, -3.72151746, -2.28662740
"10/18/2022","7","Rake",15, 6, -9,33.53267,26.888333, -6.64433334,"north",19.5636,1008.83,4.7154,299.1531,392.375,61.0813,"27",-0.03883207,-1.19068264,-2.40356101,1, -8.09982327,  1.03386684
"10/18/2022","7","Marine Debris",10, 4, -6,19.36700,29.922500, 10.55550000,"north",19.5636,1008.83,4.7154,299.1531,392.375,61.0813,"28",-0.03883207,-1.19068264,-2.40356101,1, -3.63103499,  2.48989018
"10/18/2022","8","aControl", 7, 5, -2,34.77714,47.982000, 13.20485714,"north",19.5636,1008.83,4.7154,299.1531,392.375,61.0813,"29",-0.03883207,-1.19068264,-2.40356101,1, -2.05937613,  1.70282219
"10/18/2022","8","Compact", 5, 4, -1,33.53000,24.172500, -9.35750000,"north",19.5636,1008.83,4.7154,299.1531,392.375,61.0813,"30",-0.03883207,-1.19068264,-2.40356101,1, -1.57972383, -3.45367285
"10/18/2022","8","Rake", 5, 1, -4,23.15600,66.000000, 42.84400000,"north",19.5636,1008.83,4.7154,299.1531,392.375,61.0813,"31",-0.03883207,-1.19068264,-2.40356101,1, -1.68850486, -0.13317861
"10/18/2022","8","Marine Debris", 4, 4,  0,22.29000,39.707500, 17.41750000,"north",19.5636,1008.83,4.7154,299.1531,392.375,61.0813,"32",-0.03883207,-1.19068264,-2.40356101,1,  0.55895310,  1.32284473
"10/18/2022","9","aControl", 7, 2, -5,14.70286,17.805000,  3.10214286,"north",19.5636,1008.83,4.7154,299.1531,392.375,61.0813,"33",-0.03883207,-1.19068264,-2.40356101,1, -3.02351891,  3.08159924
"10/18/2022","9","Compact", 4, 3, -1,34.63250,34.863333,  0.23083333,"north",19.5636,1008.83,4.7154,299.1531,392.375,61.0813,"34",-0.03883207,-1.19068264,-2.40356101,1, -0.95233522, -2.07489580
"10/18/2022","9","Rake", 8, 8,  0,20.37375,36.762500, 16.38875000,"north",19.5636,1008.83,4.7154,299.1531,392.375,61.0813,"35",-0.03883207,-1.19068264,-2.40356101,1, -1.66822430,  1.24559844
"10/18/2022","9","Marine Debris", 9, 9,  0,25.81889,23.524444, -2.29444445,"north",19.5636,1008.83,4.7154,299.1531,392.375,61.0813,"36",-0.03883207,-1.19068264,-2.40356101,1, -0.69025226,  2.70162178
"10/18/2022","10","aControl",14, 4,-10,19.54214,23.617500,  4.07535714,"north",19.5636,1008.83,4.7154,299.1531,392.375,61.0813,"37",-0.03883207,-1.19068264,-2.40356101,1, -9.63849380,  2.38232196
"10/18/2022","10","Compact", 6, 1, -5,18.13667,13.560000, -4.57666667,"north",19.5636,1008.83,4.7154,299.1531,392.375,61.0813,"38",-0.03883207,-1.19068264,-2.40356101,1, -4.13733919, -2.77417309
"10/18/2022","10","Rake",11, 1,-10,19.40818,19.430000,  0.02181818,"north",19.5636,1008.83,4.7154,299.1531,392.375,61.0813,"39",-0.03883207,-1.19068264,-2.40356101,1, -8.24693599,  0.54632116
"10/18/2022","10","Marine Debris", 5, 6,  1,23.44400,21.358333, -2.08566667,"north",19.5636,1008.83,4.7154,299.1531,392.375,61.0813,"40",-0.03883207,-1.19068264,-2.40356101,1,  0.68251161,  2.00234450
"10/19/2022","1","aControl", 5, 1, -4,18.44800,24.850000,  6.40200000,"south",11.9493,1016.94,4.7198,346.3785,389.656,54.9885,"1", 0.22999921, 0.87678740, 0.42785688,1, -3.94840381, -2.77803304
"10/19/2022","1","Compact", 8, 2, -6,20.28000,23.595000,  3.31500000,"south",11.9493,1016.94,4.7198,346.3785,389.656,54.9885,"2", 0.22999921, 0.87678740, 0.42785688,1, -6.51544032, -7.93452809
"10/19/2022","1","Rake", 7, 0, -7,22.43571, 0.000000,-22.43571429,"south",11.9493,1016.94,4.7198,346.3785,389.656,54.9885,"3", 0.22999921, 0.87678740, 0.42785688,1, -6.15682595, -4.61403384
"10/19/2022","1","Marine Debris", 4, 1, -3,15.32250,26.380000, 11.05750000,"south",11.9493,1016.94,4.7198,346.3785,389.656,54.9885,"4", 0.22999921, 0.87678740, 0.42785688,1, -3.28329906, -3.15801050
"10/19/2022","2","aControl", 9, 2, -7,26.76444,16.130000,-10.63444444,"south",11.9493,1016.94,4.7198,346.3785,389.656,54.9885,"5", 0.22999921, 0.87678740, 0.42785688,1, -5.07969125, -6.04654987
"10/19/2022","2","Compact", 8, 5, -3,27.31250,24.468000, -2.84450000,"south",11.9493,1016.94,4.7198,346.3785,389.656,54.9885,"6", 0.22999921, 0.87678740, 0.42785688,1, -5.52241499,-11.20304491
"10/19/2022","2","Rake", 6, 0, -6,25.11833, 0.000000,-25.11833333,"south",11.9493,1016.94,4.7198,346.3785,389.656,54.9885,"7", 0.22999921, 0.87678740, 0.42785688,1, -5.37501628, -7.88255067
"10/19/2022","2","Marine Debris", 5, 0, -5,15.27200, 0.000000,-15.27200000,"south",11.9493,1016.94,4.7198,346.3785,389.656,54.9885,"8", 0.22999921, 0.87678740, 0.42785688,1, -3.97218528, -6.42652733
"10/19/2022","3","aControl", 7, 3, -4,19.52714,16.573333, -2.95380953,"south",11.9493,1016.94,4.7198,346.3785,389.656,54.9885,"9", 0.22999921, 0.87678740, 0.42785688,1, -4.71468533, -0.14032402
"10/19/2022","3","Compact", 7, 1, -6,16.50286,22.390000,  5.88714286,"south",11.9493,1016.94,4.7198,346.3785,389.656,54.9885,"10", 0.22999921, 0.87678740, 0.42785688,1, -5.21868185, -5.29681906
"10/19/2022","3","Rake",14, 1,-13,17.13714,17.740000,  0.60285714,"south",11.9493,1016.94,4.7198,346.3785,389.656,54.9885,"11", 0.22999921, 0.87678740, 0.42785688,1,-12.54447714, -1.97632482
"10/19/2022","3","Marine Debris",12, 4, -8,15.44500,18.572500,  3.12750000,"south",11.9493,1016.94,4.7198,346.3785,389.656,54.9885,"12", 0.22999921, 0.87678740, 0.42785688,1, -7.36016736, -0.52030148
"10/19/2022","4","aControl", 9, 1, -8,23.84222,12.750000,-11.09222222,"south",11.9493,1016.94,4.7198,346.3785,389.656,54.9885,"13", 0.22999921, 0.87678740, 0.42785688,1, -8.06478311, -4.08711721
"10/19/2022","4","Compact",17, 3,-14,19.67176,24.043333,  4.37156862,"south",11.9493,1016.94,4.7198,346.3785,389.656,54.9885,"14", 0.22999921, 0.87678740, 0.42785688,1,-14.84026385, -9.24361225
"10/19/2022","4","Rake", 6, 0, -6,17.78000, 0.000000,-17.78000000,"south",11.9493,1016.94,4.7198,346.3785,389.656,54.9885,"15", 0.22999921, 0.87678740, 0.42785688,1, -4.94216495, -5.92311801
"10/19/2022","4","Marine Debris", 6, 3, -3,23.87500,24.573333,  0.69833333,"south",11.9493,1016.94,4.7198,346.3785,389.656,54.9885,"16", 0.22999921, 0.87678740, 0.42785688,1, -3.77433580, -4.46709467
"10/19/2022","5","aControl", 9, 1, -8,16.24333, 9.740000, -6.50333333,"south",11.9493,1016.94,4.7198,346.3785,389.656,54.9885,"17", 0.22999921, 0.87678740, 0.42785688,1, -7.91083985, -4.57124383
"10/19/2022","5","Compact", 5, 0, -5,15.73800, 0.000000,-15.73800000,"south",11.9493,1016.94,4.7198,346.3785,389.656,54.9885,"18", 0.22999921, 0.87678740, 0.42785688,1, -6.13623990, -9.72773888
"10/19/2022","5","Rake", 6, 1, -5,11.61667,25.850000, 14.23333333,"south",11.9493,1016.94,4.7198,346.3785,389.656,54.9885,"19", 0.22999921, 0.87678740, 0.42785688,1, -6.52848595, -6.40724463
"10/19/2022","5","Marine Debris", 4, 1, -3,24.31000,14.100000,-10.21000000,"south",11.9493,1016.94,4.7198,346.3785,389.656,54.9885,"20", 0.22999921, 0.87678740, 0.42785688,1, -3.08783172, -4.95122129
"10/19/2022","6","aControl",10, 1, -9,29.37400,31.430000,  2.05600000,"north",11.9493,1016.94,4.7198,346.3785,389.656,54.9885,"21", 0.22999921, 0.87678740, 0.42785688,1, -6.70163415, -2.86883915
"10/19/2022","6","Compact", 8, 1, -7,26.05875,23.600000, -2.45875000,"north",11.9493,1016.94,4.7198,346.3785,389.656,54.9885,"22", 0.22999921, 0.87678740, 0.42785688,1, -7.28249234, -8.02533419
"10/19/2022","6","Rake", 8, 2, -6,24.40500,13.715000,-10.69000000,"north",11.9493,1016.94,4.7198,346.3785,389.656,54.9885,"23", 0.22999921, 0.87678740, 0.42785688,1, -6.05599026, -4.70483995
"10/19/2022","6","Marine Debris", 8, 4, -4,24.21375,21.387500, -2.82625000,"north",11.9493,1016.94,4.7198,346.3785,389.656,54.9885,"24", 0.22999921, 0.87678740, 0.42785688,1, -4.34880718, -3.24881661
"10/19/2022","7","aControl",10, 2, -8,22.16300,25.340000,  3.17700000,"north",11.9493,1016.94,4.7198,346.3785,389.656,54.9885,"25", 0.22999921, 0.87678740, 0.42785688,1, -7.31202892, -3.22150054
"10/19/2022","7","Compact", 7, 1, -6,27.66714,28.470000,  0.80285714,"north",11.9493,1016.94,4.7198,346.3785,389.656,54.9885,"26", 0.22999921, 0.87678740, 0.42785688,1, -6.86852377, -8.37799558
"10/19/2022","7","Rake",15, 3,-12,33.53267,23.860000, -9.67266667,"north",11.9493,1016.94,4.7198,346.3785,389.656,54.9885,"27", 0.22999921, 0.87678740, 0.42785688,1,-11.24682959, -5.05750134
"10/19/2022","7","Marine Debris",10, 4, -6,19.36700,37.345000, 17.97800000,"north",11.9493,1016.94,4.7198,346.3785,389.656,54.9885,"28", 0.22999921, 0.87678740, 0.42785688,1, -6.77804131, -3.60147800
"10/19/2022","8","aControl", 7, 2, -5,34.77714,37.410000,  2.63285714,"north",11.9493,1016.94,4.7198,346.3785,389.656,54.9885,"29", 0.22999921, 0.87678740, 0.42785688,1, -5.20638244, -4.38854599
"10/19/2022","8","Compact", 5, 0, -5,33.53000, 0.000000,-33.53000000,"north",11.9493,1016.94,4.7198,346.3785,389.656,54.9885,"30", 0.22999921, 0.87678740, 0.42785688,1, -4.72673014, -9.54504103
"10/19/2022","8","Rake", 5, 1, -4,23.15600, 9.230000,-13.92600000,"north",11.9493,1016.94,4.7198,346.3785,389.656,54.9885,"31", 0.22999921, 0.87678740, 0.42785688,1, -4.83551117, -6.22454679
"10/19/2022","8","Marine Debris", 4, 2, -2,22.29000,12.225000,-10.06500000,"north",11.9493,1016.94,4.7198,346.3785,389.656,54.9885,"32", 0.22999921, 0.87678740, 0.42785688,1, -2.58805321, -4.76852345
"10/19/2022","9","aControl", 7, 0, -7,14.70286, 0.000000,-14.70285714,"north",11.9493,1016.94,4.7198,346.3785,389.656,54.9885,"33", 0.22999921, 0.87678740, 0.42785688,1, -6.17052522, -3.00976894
"10/19/2022","9","Compact", 4, 0, -4,34.63250, 0.000000,-34.63250000,"north",11.9493,1016.94,4.7198,346.3785,389.656,54.9885,"34", 0.22999921, 0.87678740, 0.42785688,1, -4.09934153, -8.16626398
"10/19/2022","9","Rake", 8, 4, -4,20.37375,26.057500,  5.68375000,"north",11.9493,1016.94,4.7198,346.3785,389.656,54.9885,"35", 0.22999921, 0.87678740, 0.42785688,1, -4.81523061, -4.84576974
"10/19/2022","9","Marine Debris", 9, 5, -4,25.81889,31.126000,  5.30711111,"north",11.9493,1016.94,4.7198,346.3785,389.656,54.9885,"36", 0.22999921, 0.87678740, 0.42785688,1, -3.83725858, -3.38974640
"10/19/2022","10","aControl",14, 2,-12,19.54214,12.475000, -7.06714286,"north",11.9493,1016.94,4.7198,346.3785,389.656,54.9885,"37", 0.22999921, 0.87678740, 0.42785688,1,-12.78550011, -3.70904622
"10/19/2022","10","Compact", 6, 0, -6,18.13667, 0.000000,-18.13666667,"north",11.9493,1016.94,4.7198,346.3785,389.656,54.9885,"38", 0.22999921, 0.87678740, 0.42785688,1, -7.28434550, -8.86554127
"10/19/2022","10","Rake",11, 0,-11,19.40818, 0.000000,-19.40818182,"north",11.9493,1016.94,4.7198,346.3785,389.656,54.9885,"39", 0.22999921, 0.87678740, 0.42785688,1,-11.39394230, -5.54504702
"10/19/2022","10","Marine Debris", 5, 2, -3,23.44400,33.470000, 10.02600000,"north",11.9493,1016.94,4.7198,346.3785,389.656,54.9885,"40", 0.22999921, 0.87678740, 0.42785688,1, -2.46449470, -4.08902368
"10/20/2022","1","aControl", 5, 1, -4,18.44800,30.270000, 11.82200000,"south",12.2442,1018.89,1.3647,350.2852,385.615,67.9125,"1",-0.02200602, 0.41514618, 0.31819675,1, -3.82652102, -2.54211583
"10/20/2022","1","Compact", 8, 2, -6,20.28000,13.505000, -6.77500000,"south",12.2442,1018.89,1.3647,350.2852,385.615,67.9125,"2",-0.02200602, 0.41514618, 0.31819675,1, -6.39355753, -7.69861087
"10/20/2022","1","Rake", 7, 0, -7,22.43571, 0.000000,-22.43571429,"south",12.2442,1018.89,1.3647,350.2852,385.615,67.9125,"3",-0.02200602, 0.41514618, 0.31819675,1, -6.03494316, -4.37811663
"10/20/2022","1","Marine Debris", 4, 0, -4,15.32250, 0.000000,-15.32250000,"south",12.2442,1018.89,1.3647,350.2852,385.615,67.9125,"4",-0.02200602, 0.41514618, 0.31819675,1, -3.16141627, -2.92209328
"10/20/2022","2","aControl", 9, 3, -6,26.76444,15.193333,-11.57111111,"south",12.2442,1018.89,1.3647,350.2852,385.615,67.9125,"5",-0.02200602, 0.41514618, 0.31819675,1, -4.95780846, -5.81063265
"10/20/2022","2","Compact", 8, 0, -8,27.31250, 0.000000,-27.31250000,"south",12.2442,1018.89,1.3647,350.2852,385.615,67.9125,"6",-0.02200602, 0.41514618, 0.31819675,1, -5.40053219,-10.96712769
"10/20/2022","2","Rake", 6, 2, -4,25.11833,12.970000,-12.14833333,"south",12.2442,1018.89,1.3647,350.2852,385.615,67.9125,"7",-0.02200602, 0.41514618, 0.31819675,1, -5.25313348, -7.64663345
"10/20/2022","2","Marine Debris", 5, 1, -4,15.27200,12.550000, -2.72200000,"south",12.2442,1018.89,1.3647,350.2852,385.615,67.9125,"8",-0.02200602, 0.41514618, 0.31819675,1, -3.85030248, -6.19061011
"10/20/2022","3","aControl", 7, 2, -5,19.52714,35.545000, 16.01785714,"south",12.2442,1018.89,1.3647,350.2852,385.615,67.9125,"9",-0.02200602, 0.41514618, 0.31819675,1, -4.59280254,  0.09559320
"10/20/2022","3","Compact", 7, 1, -6,16.50286,16.090000, -0.41285714,"south",12.2442,1018.89,1.3647,350.2852,385.615,67.9125,"10",-0.02200602, 0.41514618, 0.31819675,1, -5.09679906, -5.06090185
"10/20/2022","3","Rake",14, 0,-14,17.13714, 0.000000,-17.13714286,"south",12.2442,1018.89,1.3647,350.2852,385.615,67.9125,"11",-0.02200602, 0.41514618, 0.31819675,1,-12.42259435, -1.74040761
"10/20/2022","3","Marine Debris",12, 4, -8,15.44500,24.932500,  9.48750000,"south",12.2442,1018.89,1.3647,350.2852,385.615,67.9125,"12",-0.02200602, 0.41514618, 0.31819675,1, -7.23828457, -0.28438426
"10/20/2022","4","aControl", 9, 2, -7,23.84222, 8.945000,-14.89722222,"south",12.2442,1018.89,1.3647,350.2852,385.615,67.9125,"13",-0.02200602, 0.41514618, 0.31819675,1, -7.94290032, -3.85119999
"10/20/2022","4","Compact",17, 1,-16,19.67176,12.280000, -7.39176471,"south",12.2442,1018.89,1.3647,350.2852,385.615,67.9125,"14",-0.02200602, 0.41514618, 0.31819675,1,-14.71838105, -9.00769503
"10/20/2022","4","Rake", 6, 0, -6,17.78000, 0.000000,-17.78000000,"south",12.2442,1018.89,1.3647,350.2852,385.615,67.9125,"15",-0.02200602, 0.41514618, 0.31819675,1, -4.82028215, -5.68720079
"10/20/2022","4","Marine Debris", 6, 2, -4,23.87500,30.455000,  6.58000000,"south",12.2442,1018.89,1.3647,350.2852,385.615,67.9125,"16",-0.02200602, 0.41514618, 0.31819675,1, -3.65245301, -4.23117745
"10/20/2022","5","aControl", 9, 0, -9,16.24333, 0.000000,-16.24333333,"south",12.2442,1018.89,1.3647,350.2852,385.615,67.9125,"17",-0.02200602, 0.41514618, 0.31819675,1, -7.78895706, -4.33532662
"10/20/2022","5","Compact", 5, 0, -5,15.73800, 0.000000,-15.73800000,"south",12.2442,1018.89,1.3647,350.2852,385.615,67.9125,"18",-0.02200602, 0.41514618, 0.31819675,1, -6.01435711, -9.49182166
"10/20/2022","5","Rake", 6, 1, -5,11.61667,21.020000,  9.40333333,"south",12.2442,1018.89,1.3647,350.2852,385.615,67.9125,"19",-0.02200602, 0.41514618, 0.31819675,1, -6.40660316, -6.17132742
"10/20/2022","5","Marine Debris", 4, 1, -3,24.31000,11.170000,-13.14000000,"south",12.2442,1018.89,1.3647,350.2852,385.615,67.9125,"20",-0.02200602, 0.41514618, 0.31819675,1, -2.96594893, -4.71530407
"10/20/2022","6","aControl",10, 3, -7,29.37400,16.766667,-12.60733333,"north",12.2442,1018.89,1.3647,350.2852,385.615,67.9125,"21",-0.02200602, 0.41514618, 0.31819675,1, -6.57975136, -2.63292193
"10/20/2022","6","Compact", 8, 1, -7,26.05875,31.000000,  4.94125000,"north",12.2442,1018.89,1.3647,350.2852,385.615,67.9125,"22",-0.02200602, 0.41514618, 0.31819675,1, -7.16060955, -7.78941697
"10/20/2022","6","Rake", 8, 3, -5,24.40500,10.010000,-14.39500000,"north",12.2442,1018.89,1.3647,350.2852,385.615,67.9125,"23",-0.02200602, 0.41514618, 0.31819675,1, -5.93410746, -4.46892273
"10/20/2022","6","Marine Debris", 8, 3, -5,24.21375,21.636667, -2.57708333,"north",12.2442,1018.89,1.3647,350.2852,385.615,67.9125,"24",-0.02200602, 0.41514618, 0.31819675,1, -4.22692438, -3.01289939
"10/20/2022","7","aControl",10, 4, -6,22.16300,17.205000, -4.95800000,"north",12.2442,1018.89,1.3647,350.2852,385.615,67.9125,"25",-0.02200602, 0.41514618, 0.31819675,1, -7.19014612, -2.98558332
"10/20/2022","7","Compact", 7, 1, -6,27.66714,26.230000, -1.43714286,"north",12.2442,1018.89,1.3647,350.2852,385.615,67.9125,"26",-0.02200602, 0.41514618, 0.31819675,1, -6.74664098, -8.14207837
"10/20/2022","7","Rake",15, 0,-15,33.53267, 0.000000,-33.53266667,"north",12.2442,1018.89,1.3647,350.2852,385.615,67.9125,"27",-0.02200602, 0.41514618, 0.31819675,1,-11.12494679, -4.82158412
"10/20/2022","7","Marine Debris",10, 2, -8,19.36700,32.040000, 12.67300000,"north",12.2442,1018.89,1.3647,350.2852,385.615,67.9125,"28",-0.02200602, 0.41514618, 0.31819675,1, -6.65615851, -3.36556078
"10/20/2022","8","aControl", 7, 2, -5,34.77714,32.665000, -2.11214286,"north",12.2442,1018.89,1.3647,350.2852,385.615,67.9125,"29",-0.02200602, 0.41514618, 0.31819675,1, -5.08449964, -4.15262877
"10/20/2022","8","Compact", 5, 2, -3,33.53000,19.305000,-14.22500000,"north",12.2442,1018.89,1.3647,350.2852,385.615,67.9125,"30",-0.02200602, 0.41514618, 0.31819675,1, -4.60484735, -9.30912381
"10/20/2022","8","Rake", 5, 0, -5,23.15600, 0.000000,-23.15600000,"north",12.2442,1018.89,1.3647,350.2852,385.615,67.9125,"31",-0.02200602, 0.41514618, 0.31819675,1, -4.71362838, -5.98862957
"10/20/2022","8","Marine Debris", 4, 3, -1,22.29000,10.146667,-12.14333333,"north",12.2442,1018.89,1.3647,350.2852,385.615,67.9125,"32",-0.02200602, 0.41514618, 0.31819675,1, -2.46617041, -4.53260623
"10/20/2022","9","aControl", 7, 4, -3,14.70286,19.755000,  5.05214286,"north",12.2442,1018.89,1.3647,350.2852,385.615,67.9125,"33",-0.02200602, 0.41514618, 0.31819675,1, -6.04864242, -2.77385172
"10/20/2022","9","Compact", 4, 1, -3,34.63250,23.020000,-11.61250000,"north",12.2442,1018.89,1.3647,350.2852,385.615,67.9125,"34",-0.02200602, 0.41514618, 0.31819675,1, -3.97745874, -7.93034676
"10/20/2022","9","Rake", 8, 5, -3,20.37375,39.106000, 18.73225000,"north",12.2442,1018.89,1.3647,350.2852,385.615,67.9125,"35",-0.02200602, 0.41514618, 0.31819675,1, -4.69334782, -4.60985252
"10/20/2022","9","Marine Debris", 9, 6, -3,25.81889,16.756667, -9.06222222,"north",12.2442,1018.89,1.3647,350.2852,385.615,67.9125,"36",-0.02200602, 0.41514618, 0.31819675,1, -3.71537578, -3.15382918
"10/20/2022","10","aControl",14, 1,-13,19.54214,46.070000, 26.52785714,"north",12.2442,1018.89,1.3647,350.2852,385.615,67.9125,"37",-0.02200602, 0.41514618, 0.31819675,1,-12.66361732, -3.47312901
"10/20/2022","10","Compact", 6, 0, -6,18.13667, 0.000000,-18.13666667,"north",12.2442,1018.89,1.3647,350.2852,385.615,67.9125,"38",-0.02200602, 0.41514618, 0.31819675,1, -7.16246270, -8.62962405
"10/20/2022","10","Rake",11, 1,-10,19.40818,20.290000,  0.88181818,"north",12.2442,1018.89,1.3647,350.2852,385.615,67.9125,"39",-0.02200602, 0.41514618, 0.31819675,1,-11.27205951, -5.30912981
"10/20/2022","10","Marine Debris", 5, 2, -3,23.44400,16.460000, -6.98400000,"north",12.2442,1018.89,1.3647,350.2852,385.615,67.9125,"40",-0.02200602, 0.41514618, 0.31819675,1, -2.34261190, -3.85310646
"10/21/2022","1","aControl", 5, 2, -3,18.44800,17.620000, -0.82800000,"south",13.1783,1018.23,2.3959, 35.5864,381.000,65.7052,"1",-0.22236355,-1.04710907,-0.02915329,1, -3.44045551, -1.79484464
"10/21/2022","1","Compact", 8, 2, -6,20.28000,16.025000, -4.25500000,"south",13.1783,1018.23,2.3959, 35.5864,381.000,65.7052,"2",-0.22236355,-1.04710907,-0.02915329,1, -6.00749202, -6.95133968
"10/21/2022","1","Rake", 7, 1, -6,22.43571,29.750000,  7.31428571,"south",13.1783,1018.23,2.3959, 35.5864,381.000,65.7052,"3",-0.22236355,-1.04710907,-0.02915329,1, -5.64887765, -3.63084544
"10/21/2022","1","Marine Debris", 4, 3, -1,15.32250,15.536667,  0.21416667,"south",13.1783,1018.23,2.3959, 35.5864,381.000,65.7052,"4",-0.22236355,-1.04710907,-0.02915329,1, -2.77535076, -2.17482210
"10/21/2022","2","aControl", 9, 6, -3,26.76444,15.580000,-11.18444444,"south",13.1783,1018.23,2.3959, 35.5864,381.000,65.7052,"5",-0.22236355,-1.04710907,-0.02915329,1, -4.57174295, -5.06336146
"10/21/2022","2","Compact", 8, 2, -6,27.31250, 5.630000,-21.68250000,"south",13.1783,1018.23,2.3959, 35.5864,381.000,65.7052,"6",-0.22236355,-1.04710907,-0.02915329,1, -5.01446669,-10.21985650
"10/21/2022","2","Rake", 6, 1, -5,25.11833,23.390000, -1.72833333,"south",13.1783,1018.23,2.3959, 35.5864,381.000,65.7052,"7",-0.22236355,-1.04710907,-0.02915329,1, -4.86706798, -6.89936226
"10/21/2022","2","Marine Debris", 5, 2, -3,15.27200,20.100000,  4.82800000,"south",13.1783,1018.23,2.3959, 35.5864,381.000,65.7052,"8",-0.22236355,-1.04710907,-0.02915329,1, -3.46423697, -5.44333892
"10/21/2022","3","aControl", 7, 4, -3,19.52714,27.340000,  7.81285714,"south",13.1783,1018.23,2.3959, 35.5864,381.000,65.7052,"9",-0.22236355,-1.04710907,-0.02915329,1, -4.20673703,  0.84286439
"10/21/2022","3","Compact", 7, 2, -5,16.50286,13.490000, -3.01285714,"south",13.1783,1018.23,2.3959, 35.5864,381.000,65.7052,"10",-0.22236355,-1.04710907,-0.02915329,1, -4.71073355, -4.31363066
"10/21/2022","3","Rake",14, 1,-13,17.13714,54.600000, 37.46285714,"south",13.1783,1018.23,2.3959, 35.5864,381.000,65.7052,"11",-0.22236355,-1.04710907,-0.02915329,1,-12.03652884, -0.99313642
"10/21/2022","3","Marine Debris",12, 6, -6,15.44500,26.036667, 10.59166667,"south",13.1783,1018.23,2.3959, 35.5864,381.000,65.7052,"12",-0.22236355,-1.04710907,-0.02915329,1, -6.85221906,  0.46288693
"10/21/2022","4","aControl", 9, 1, -8,23.84222,20.950000, -2.89222222,"south",13.1783,1018.23,2.3959, 35.5864,381.000,65.7052,"13",-0.22236355,-1.04710907,-0.02915329,1, -7.55683481, -3.10392880
"10/21/2022","4","Compact",17, 2,-15,19.67176, 9.460000,-10.21176471,"south",13.1783,1018.23,2.3959, 35.5864,381.000,65.7052,"14",-0.22236355,-1.04710907,-0.02915329,1,-14.33231555, -8.26042384
"10/21/2022","4","Rake", 6, 2, -4,17.78000,12.485000, -5.29500000,"south",13.1783,1018.23,2.3959, 35.5864,381.000,65.7052,"15",-0.22236355,-1.04710907,-0.02915329,1, -4.43421664, -4.93992960
"10/21/2022","4","Marine Debris", 6, 4, -2,23.87500,16.935000, -6.94000000,"south",13.1783,1018.23,2.3959, 35.5864,381.000,65.7052,"16",-0.22236355,-1.04710907,-0.02915329,1, -3.26638750, -3.48390626
"10/21/2022","5","aControl", 9, 3, -6,16.24333, 9.796667, -6.44666666,"south",13.1783,1018.23,2.3959, 35.5864,381.000,65.7052,"17",-0.22236355,-1.04710907,-0.02915329,1, -7.40289155, -3.58805543
"10/21/2022","5","Compact", 5, 1, -4,15.73800,49.410000, 33.67200000,"south",13.1783,1018.23,2.3959, 35.5864,381.000,65.7052,"18",-0.22236355,-1.04710907,-0.02915329,1, -5.62829160, -8.74455047
"10/21/2022","5","Rake", 6, 0, -6,11.61667, 0.000000,-11.61666667,"south",13.1783,1018.23,2.3959, 35.5864,381.000,65.7052,"19",-0.22236355,-1.04710907,-0.02915329,1, -6.02053765, -5.42405623
"10/21/2022","5","Marine Debris", 4, 0, -4,24.31000, 0.000000,-24.31000000,"south",13.1783,1018.23,2.3959, 35.5864,381.000,65.7052,"20",-0.22236355,-1.04710907,-0.02915329,1, -2.57988342, -3.96803289
"10/21/2022","6","aControl",10, 5, -5,29.37400,17.272000,-12.10200000,"north",13.1783,1018.23,2.3959, 35.5864,381.000,65.7052,"21",-0.22236355,-1.04710907,-0.02915329,1, -6.19368585, -1.88565074
"10/21/2022","6","Compact", 8, 1, -7,26.05875,18.480000, -7.57875000,"north",13.1783,1018.23,2.3959, 35.5864,381.000,65.7052,"22",-0.22236355,-1.04710907,-0.02915329,1, -6.77454404, -7.04214578
"10/21/2022","6","Rake", 8, 4, -4,24.40500,20.385000, -4.02000000,"north",13.1783,1018.23,2.3959, 35.5864,381.000,65.7052,"23",-0.22236355,-1.04710907,-0.02915329,1, -5.54804195, -3.72165154
"10/21/2022","6","Marine Debris", 8, 4, -4,24.21375,17.930000, -6.28375000,"north",13.1783,1018.23,2.3959, 35.5864,381.000,65.7052,"24",-0.22236355,-1.04710907,-0.02915329,1, -3.84085887, -2.26562820
"10/21/2022","7","aControl",10, 3, -7,22.16300,23.346667,  1.18366667,"north",13.1783,1018.23,2.3959, 35.5864,381.000,65.7052,"25",-0.22236355,-1.04710907,-0.02915329,1, -6.80408061, -2.23831213
"10/21/2022","7","Compact", 7, 0, -7,27.66714, 0.000000,-27.66714286,"north",13.1783,1018.23,2.3959, 35.5864,381.000,65.7052,"26",-0.22236355,-1.04710907,-0.02915329,1, -6.36057547, -7.39480718
"10/21/2022","7","Rake",15, 4,-11,33.53267,14.952500,-18.58016667,"north",13.1783,1018.23,2.3959, 35.5864,381.000,65.7052,"27",-0.22236355,-1.04710907,-0.02915329,1,-10.73888128, -4.07431293
"10/21/2022","7","Marine Debris",10, 4, -6,19.36700,22.210000,  2.84300000,"north",13.1783,1018.23,2.3959, 35.5864,381.000,65.7052,"28",-0.22236355,-1.04710907,-0.02915329,1, -6.27009300, -2.61828959
"10/21/2022","8","aControl", 7, 2, -5,34.77714,34.485000, -0.29214286,"north",13.1783,1018.23,2.3959, 35.5864,381.000,65.7052,"29",-0.22236355,-1.04710907,-0.02915329,1, -4.69843414, -3.40535758
"10/21/2022","8","Compact", 5, 3, -2,33.53000,19.036667,-14.49333333,"north",13.1783,1018.23,2.3959, 35.5864,381.000,65.7052,"30",-0.22236355,-1.04710907,-0.02915329,1, -4.21878184, -8.56185262
"10/21/2022","8","Rake", 5, 1, -4,23.15600,10.370000,-12.78600000,"north",13.1783,1018.23,2.3959, 35.5864,381.000,65.7052,"31",-0.22236355,-1.04710907,-0.02915329,1, -4.32756287, -5.24135838
"10/21/2022","8","Marine Debris", 4, 0, -4,22.29000, 0.000000,-22.29000000,"north",13.1783,1018.23,2.3959, 35.5864,381.000,65.7052,"32",-0.22236355,-1.04710907,-0.02915329,1, -2.08010491, -3.78533504
"10/21/2022","9","aControl", 7, 2, -5,14.70286,18.940000,  4.23714286,"north",13.1783,1018.23,2.3959, 35.5864,381.000,65.7052,"33",-0.22236355,-1.04710907,-0.02915329,1, -5.66257692, -2.02658053
"10/21/2022","9","Compact", 4, 1, -3,34.63250,22.430000,-12.20250000,"north",13.1783,1018.23,2.3959, 35.5864,381.000,65.7052,"34",-0.22236355,-1.04710907,-0.02915329,1, -3.59139323, -7.18307557
"10/21/2022","9","Rake", 8, 3, -5,20.37375,32.436667, 12.06291667,"north",13.1783,1018.23,2.3959, 35.5864,381.000,65.7052,"35",-0.22236355,-1.04710907,-0.02915329,1, -4.30728231, -3.86258133
"10/21/2022","9","Marine Debris", 9, 4, -5,25.81889,10.840000,-14.97888889,"north",13.1783,1018.23,2.3959, 35.5864,381.000,65.7052,"36",-0.22236355,-1.04710907,-0.02915329,1, -3.32931027, -2.40655799
"10/21/2022","10","aControl",14, 1,-13,19.54214,10.140000, -9.40214286,"north",13.1783,1018.23,2.3959, 35.5864,381.000,65.7052,"37",-0.22236355,-1.04710907,-0.02915329,1,-12.27755181, -2.72585782
"10/21/2022","10","Compact", 6, 1, -5,18.13667,29.890000, 11.75333333,"north",13.1783,1018.23,2.3959, 35.5864,381.000,65.7052,"38",-0.22236355,-1.04710907,-0.02915329,1, -6.77639720, -7.88235286
"10/21/2022","10","Rake",11, 0,-11,19.40818, 0.000000,-19.40818182,"north",13.1783,1018.23,2.3959, 35.5864,381.000,65.7052,"39",-0.22236355,-1.04710907,-0.02915329,1,-10.88599400, -4.56185862
"10/21/2022","10","Marine Debris", 5, 5,  0,23.44400,23.186000, -0.25800000,"north",13.1783,1018.23,2.3959, 35.5864,381.000,65.7052,"40",-0.22236355,-1.04710907,-0.02915329,1, -1.95654640, -3.10583528
